-- phpMyAdmin SQL Dump
-- version 5.2.1
-- https://www.phpmyadmin.net/
--
-- Host: 127.0.0.1
-- Generation Time: Apr 08, 2026 at 08:28 AM
-- Server version: 10.4.32-MariaDB
-- PHP Version: 8.2.12

SET SQL_MODE = "NO_AUTO_VALUE_ON_ZERO";
START TRANSACTION;
SET time_zone = "+00:00";


/*!40101 SET @OLD_CHARACTER_SET_CLIENT=@@CHARACTER_SET_CLIENT */;
/*!40101 SET @OLD_CHARACTER_SET_RESULTS=@@CHARACTER_SET_RESULTS */;
/*!40101 SET @OLD_COLLATION_CONNECTION=@@COLLATION_CONNECTION */;
/*!40101 SET NAMES utf8mb4 */;

--
-- Database: `library_db`
--

-- --------------------------------------------------------

--
-- Table structure for table `books`
--

CREATE TABLE `books` (
  `book_id` int(11) NOT NULL,
  `title` varchar(150) NOT NULL,
  `author` varchar(100) NOT NULL,
  `category` varchar(50) NOT NULL,
  `available_copies` int(11) NOT NULL DEFAULT 1
) ENGINE=InnoDB DEFAULT CHARSET=utf8mb4 COLLATE=utf8mb4_general_ci;

--
-- Dumping data for table `books`
--

INSERT INTO `books` (`book_id`, `title`, `author`, `category`, `available_copies`) VALUES
(1, 'The Great Gatsby', 'F. Scott Fitzgerald', 'Classic', 3),
(2, 'To Kill a Mockingbird', 'Harper Lee', 'Classic', 2),
(3, 'Clean Code', 'Robert C. Martin', 'Programming', 4),
(4, 'The Hobbit', 'J.R.R. Tolkien', 'Fantasy', 2),
(5, 'Atomic Habits', 'James Clear', 'Self-Help', 5);

-- --------------------------------------------------------

--
-- Table structure for table `borrow_records`
--

CREATE TABLE `borrow_records` (
  `borrow_id` int(11) NOT NULL,
  `student_id` int(11) NOT NULL,
  `book_id` int(11) NOT NULL,
  `borrow_date` date NOT NULL,
  `return_date` date DEFAULT NULL
) ENGINE=InnoDB DEFAULT CHARSET=utf8mb4 COLLATE=utf8mb4_general_ci;

--
-- Dumping data for table `borrow_records`
--

INSERT INTO `borrow_records` (`borrow_id`, `student_id`, `book_id`, `borrow_date`, `return_date`) VALUES
(1, 1, 3, '2026-03-01', '2026-03-12'),
(2, 2, 1, '2026-03-04', NULL),
(3, 3, 4, '2026-03-06', NULL),
(4, 1, 2, '2026-03-10', '2026-03-20'),
(5, 4, 5, '2026-03-11', NULL),
(6, 2, 3, '2026-03-15', '2026-03-25');

-- --------------------------------------------------------

--
-- Table structure for table `students`
--

CREATE TABLE `students` (
  `student_id` int(11) NOT NULL,
  `first_name` varchar(50) NOT NULL,
  `last_name` varchar(50) NOT NULL,
  `email` varchar(100) NOT NULL,
  `enrollment_date` date NOT NULL
) ENGINE=InnoDB DEFAULT CHARSET=utf8mb4 COLLATE=utf8mb4_general_ci;

--
-- Dumping data for table `students`
--

INSERT INTO `students` (`student_id`, `first_name`, `last_name`, `email`, `enrollment_date`) VALUES
(1, 'Ava', 'Turner', 'ava.turner@example.com', '2024-01-15'),
(2, 'Liam', 'Scott', 'liam.scott@example.com', '2023-09-01'),
(3, 'Noah', 'Reed', 'noah.reed@example.com', '2024-02-20'),
(4, 'Emma', 'Diaz', 'emma.diaz@example.com', '2022-11-10'),
(5, 'Mia', 'Walker', 'mia.walker@example.com', '2023-07-05');

--
-- Indexes for dumped tables
--

--
-- Indexes for table `books`
--
ALTER TABLE `books`
  ADD PRIMARY KEY (`book_id`);

--
-- Indexes for table `borrow_records`
--
ALTER TABLE `borrow_records`
  ADD PRIMARY KEY (`borrow_id`),
  ADD KEY `fk_borrow_student` (`student_id`),
  ADD KEY `fk_borrow_book` (`book_id`);

--
-- Indexes for table `students`
--
ALTER TABLE `students`
  ADD PRIMARY KEY (`student_id`),
  ADD UNIQUE KEY `email` (`email`);

--
-- AUTO_INCREMENT for dumped tables
--

--
-- AUTO_INCREMENT for table `books`
--
ALTER TABLE `books`
  MODIFY `book_id` int(11) NOT NULL AUTO_INCREMENT, AUTO_INCREMENT=6;

--
-- AUTO_INCREMENT for table `borrow_records`
--
ALTER TABLE `borrow_records`
  MODIFY `borrow_id` int(11) NOT NULL AUTO_INCREMENT, AUTO_INCREMENT=7;

--
-- AUTO_INCREMENT for table `students`
--
ALTER TABLE `students`
  MODIFY `student_id` int(11) NOT NULL AUTO_INCREMENT, AUTO_INCREMENT=6;

--
-- Constraints for dumped tables
--

--
-- Constraints for table `borrow_records`
--
ALTER TABLE `borrow_records`
  ADD CONSTRAINT `fk_borrow_book` FOREIGN KEY (`book_id`) REFERENCES `books` (`book_id`),
  ADD CONSTRAINT `fk_borrow_student` FOREIGN KEY (`student_id`) REFERENCES `students` (`student_id`);
COMMIT;

/*!40101 SET CHARACTER_SET_CLIENT=@OLD_CHARACTER_SET_CLIENT */;
/*!40101 SET CHARACTER_SET_RESULTS=@OLD_CHARACTER_SET_RESULTS */;
/*!40101 SET COLLATION_CONNECTION=@OLD_COLLATION_CONNECTION */;
